id,title,description,availability,condition,price,link,image_link,brand,product_type
1,Kingdom Kit,"Personalised beard care gift set. Name printed on the bottle, full kit personalisation available on request.",in stock,new,300.00 ZAR,https://kadashgifts.co.za/#gift-1,https://kadashgifts.co.za/images/kingdom-kit.jpg,Kadash Gifts,Christian Gifts > Father's Day > For Him
2,The Urban Gentleman Set,"A refined gift set for the man who means business. Choose your tier, from a personalised travel mug up to the full executive bundle.",in stock,new,200.00 ZAR,https://kadashgifts.co.za/#gift-2,https://kadashgifts.co.za/images/Urban-gentlemen-1.jpg,Kadash Gifts,Father's Day > For Him
3,The Executives Lunch Set,"A smart, personalised lunch set for the working man. Build the bundle that fits your budget.",in stock,new,250.00 ZAR,https://kadashgifts.co.za/#gift-3,https://kadashgifts.co.za/images/The-executives-lunch-set-1.jpg,Kadash Gifts,Father's Day > For Him
4,The Reset Set,"For the dad who deserves to rest. A personalised relaxation set, choose the level of luxury.",in stock,new,270.00 ZAR,https://kadashgifts.co.za/#gift-4,https://kadashgifts.co.za/images/The-reset-set-1.jpg,Kadash Gifts,Best Sellers > Father's Day > For Him
5,Kingdom Man Bible Set,"Personalised Bible, notebook, mug, and pen, every piece carrying his name.",in stock,new,600.00 ZAR,https://kadashgifts.co.za/#gift-5,https://kadashgifts.co.za/images/bible_notebook_pen_mug.jpg,Kadash Gifts,Gift Boxes & Hampers > Christian Gifts > Father's Day > For Him
6,Football Set,"Personalised mug, mug box, and flask with matching gift bag, all printed in his favourite team's colours.",in stock,new,450.00 ZAR,https://kadashgifts.co.za/#gift-6,https://kadashgifts.co.za/images/football-set.jpg,Kadash Gifts,Gift Boxes & Hampers > Father's Day > For Him
7,Personalised Toolbox Set,"A personalised toolbox set, built for the man who fixes everything.",in stock,new,500.00 ZAR,https://kadashgifts.co.za/#gift-7,https://kadashgifts.co.za/images/toolbox-set.jpg,Kadash Gifts,Gift Boxes & Hampers > Father's Day > For Him
8,Personalised Braai Master Dad Set,"His name on the apron, his tools in hand. The ultimate gift for the man who rules the fire.",in stock,new,380.00 ZAR,https://kadashgifts.co.za/#gift-8,https://kadashgifts.co.za/images/braai_master.jpg,Kadash Gifts,Best Sellers > Father's Day > For Him
9,Personalised Travel & Gym Bag,"Built for the man always on the move. A quality bag personalised with his name, from the gym to the weekend away.",in stock,new,500.00 ZAR,https://kadashgifts.co.za/#gift-9,https://kadashgifts.co.za/images/travel_gym_sports_bag.jpg,Kadash Gifts,Father's Day > For Him
10,Personalised Thermo Display Flask,"A personalised flask with a temperature display built into the lid, so their drink is always just right. Sleek, functional, and entirely theirs. Dishwasher safe.",in stock,new,300.00 ZAR,https://kadashgifts.co.za/#gift-10,https://kadashgifts.co.za/images/flask_thermometer.jpg,Kadash Gifts,Father's Day > For Him > Mugs & Bottles
11,Personalised Dad Socks,"His favourite scripture, his nickname, or a message only he'll understand, sublimation-printed on soft polyester. Moisture-wicking and quick-drying, they pull sweat away two to three times faster than cotton, hard-wearing and colour-fast from the gym to everyday wear.",in stock,new,150.00 ZAR,https://kadashgifts.co.za/#gift-11,https://kadashgifts.co.za/images/dad_socks.jpg,Kadash Gifts,Christian Gifts > Father's Day > For Him
12,Personalised Wooden Cutting Board,"A quality wooden cutting board engraved with his name or a meaningful message. Built to last, made to matter.",in stock,new,250.00 ZAR,https://kadashgifts.co.za/#gift-12,https://kadashgifts.co.za/images/personalised_wooden_cutting-board.jpg,Kadash Gifts,Father's Day > For Him > Home & Living
13,Personalised Hip Flask,Pocket-sized and personal. Engraved with his name or a message for the man who appreciates the finer things.,in stock,new,200.00 ZAR,https://kadashgifts.co.za/#gift-13,https://kadashgifts.co.za/images/personalised_hip_flask.jpg,Kadash Gifts,Father's Day > For Him
14,Personalised Wallet,"A wallet personalised with his favourite scripture or a message that speaks to who he is, carried with him every day.",in stock,new,250.00 ZAR,https://kadashgifts.co.za/#gift-14,https://kadashgifts.co.za/images/personalised_wallet_1.jpg,Kadash Gifts,Christian Gifts > Father's Day > For Him
15,Personalised Lighter,Small but significant. A personalised lighter engraved with his name or a short message he will always carry.,in stock,new,150.00 ZAR,https://kadashgifts.co.za/#gift-15,https://kadashgifts.co.za/images/personalised_lighter.jpg,Kadash Gifts,Father's Day > For Him
16,Personalised Keyring,"Every time he reaches for his keys, he carries a piece of you. A lightweight polymer keyring, sublimation-printed to resist cracking, scratching, and fading, so it lasts as long as the sentiment.",in stock,new,90.00 ZAR,https://kadashgifts.co.za/#gift-16,https://kadashgifts.co.za/images/personalised_keyring.jpg,Kadash Gifts,Father's Day > For Him
17,The Cap & Crew Set,"A durable, flexible trucker cap with a keyring, coaster, and mug, a full lifestyle set for the man who moves with style. Everything personalised, nothing generic.",in stock,new,580.00 ZAR,https://kadashgifts.co.za/#gift-17,https://kadashgifts.co.za/images/cap_set.jpg,Kadash Gifts,Gift Boxes & Hampers > Father's Day > For Him
18,The Glam Girl Set,"She deserves to feel seen. A personalised compact mirror and bamboo sippy cup, because the woman who gives everything should have something made just for her.",in stock,new,550.00 ZAR,https://kadashgifts.co.za/#gift-18,https://kadashgifts.co.za/images/make_upset.jpg,Kadash Gifts,Mother's Day > For Her
19,The Her Time Set,"For the woman who never stops, a wine tumbler, a notebook for her thoughts, and a 1.2L tumbler to keep her going. All personalised, all hers.",in stock,new,750.00 ZAR,https://kadashgifts.co.za/#gift-19,https://kadashgifts.co.za/images/wine_tumbler.jpg,Kadash Gifts,Gift Boxes & Hampers > Mother's Day > For Her
20,Personalised Platter Board,"She hosts, she feeds, she gathers people together. A personalised platter board engraved with her name, for the woman who makes every table feel like home.",in stock,new,300.00 ZAR,https://kadashgifts.co.za/#gift-20,https://kadashgifts.co.za/images/platter_board.jpg,Kadash Gifts,Love & Anniversary > Mother's Day > For Her > Home & Living
21,Personalised Wooden Cutting Board,"In her kitchen, everything is made with love. A personalised wooden cutting board engraved with her name, a daily reminder that she is appreciated.",in stock,new,250.00 ZAR,https://kadashgifts.co.za/#gift-21,https://kadashgifts.co.za/images/wooden_cutting_board.jpg,Kadash Gifts,Love & Anniversary > Mother's Day > For Her > Home & Living
22,Personalised Sippy Cup,"Small gift, big feeling. A personalised bamboo-lid sippy cup carrying her name, because even the smallest things can say exactly the right thing. Dishwasher safe.",in stock,new,160.00 ZAR,https://kadashgifts.co.za/#gift-22,https://kadashgifts.co.za/images/sippy_cup.jpg,Kadash Gifts,Mother's Day > For Her
23,The Write Her Off Set,"A personalised notebook for her dreams and a tumbler for her mornings. For the woman who is always thinking, always planning, always doing.",in stock,new,400.00 ZAR,https://kadashgifts.co.za/#gift-23,https://kadashgifts.co.za/images/notebook_tumbler_set.jpg,Kadash Gifts,Mother's Day > For Her
24,The Memory Blanket,"Wrap her in every moment that matters. A personalised fleece blanket printed with photos, kids's drawings, or memories, 100x160cm of pure love.",in stock,new,350.00 ZAR,https://kadashgifts.co.za/#gift-24,https://kadashgifts.co.za/images/personalised_fleece_blanket.jpg,Kadash Gifts,Best Sellers > Love & Anniversary > Mother's Day > For Her > Home & Living
25,The Sweet Treat Set,"A personalised sippy cup, a tote bag she'll actually use, and 8-piece chocolates to make her smile. Everything she deserves, nothing she expected.",in stock,new,340.00 ZAR,https://kadashgifts.co.za/#gift-25,https://kadashgifts.co.za/images/tote_bag_sippy-cup_set.jpg,Kadash Gifts,Mother's Day > For Her
26,The Rest Well Set,"Tell her to put her feet up, literally. Personalised slippers, a mug made for her, and Ferrero Rocher chocolates. For the woman who has earned every second of rest.",in stock,new,450.00 ZAR,https://kadashgifts.co.za/#gift-26,https://kadashgifts.co.za/images/personalised_slipper_set_1.jpg,Kadash Gifts,Best Sellers > Gift Boxes & Hampers > Mother's Day > For Her
27,The Full Bouquet Experience,"Fresh flowers, a personalised sippy cup, latte sachets, non-alcoholic champagne, dark chocolate, and a keyring. When you want her to feel everything at once.",in stock,new,1050.00 ZAR,https://kadashgifts.co.za/#gift-27,https://kadashgifts.co.za/images/flowers-sippy-cup_set.jpg,Kadash Gifts,Gift Boxes & Hampers > Mother's Day > For Her
28,The Celebration Board,"A personalised charcuterie board loaded with assorted cheese, crackers, Ferrero Rocher, and nuts. For the woman worth celebrating properly.",in stock,new,700.00 ZAR,https://kadashgifts.co.za/#gift-28,https://kadashgifts.co.za/images/personalised_charcuterie_board.jpg,Kadash Gifts,Mother's Day > For Her
29,The Treat Yourself Set,"A personalised notebook, tumbler, mug, sweets, and chocolates, all in one gift. Because sometimes the best gift is everything she wouldn't buy for herself.",in stock,new,650.00 ZAR,https://kadashgifts.co.za/#gift-29,https://kadashgifts.co.za/images/notebook_tumbler_chocolate_set.jpg,Kadash Gifts,Gift Boxes & Hampers > Mother's Day > For Her
30,The Cosy Corner Set,"A personalised cushion and mug, wrapped in a gift bag and ready to make her feel at home. For the woman who deserves her own little corner of comfort.",in stock,new,330.00 ZAR,https://kadashgifts.co.za/#gift-30,https://kadashgifts.co.za/images/cushion_mug_set.jpg,Kadash Gifts,For Her
31,The Boss Her Set,"Planner, notebook, bamboo sippy cup, door hanger, mat, and pencil case, all personalised. For the woman who runs everything and deserves to look good doing it.",in stock,new,600.00 ZAR,https://kadashgifts.co.za/#gift-31,https://kadashgifts.co.za/images/organiser_set.jpg,Kadash Gifts,Gift Boxes & Hampers > Mother's Day > For Her
32,The Gift Box She'll Actually Love,"A personalised notebook and tumbler paired with sweets and chocolates, boxed and ready to give. No overthinking, just everything she loves in one place.",in stock,new,550.00 ZAR,https://kadashgifts.co.za/#gift-32,https://kadashgifts.co.za/images/notebook_tumbler_sweet_choc_gift_box.jpg,Kadash Gifts,Gift Boxes & Hampers > Mother's Day > For Her
33,The Soft Life Set,A personalised cushion and notebook set in a gift bag. For the woman who carries everyone else's world and deserves something made entirely for hers.,in stock,new,450.00 ZAR,https://kadashgifts.co.za/#gift-33,https://kadashgifts.co.za/images/cushion_notebook_set.jpg,Kadash Gifts,Mother's Day > For Her
34,The Bold & Blessed Set,"For the woman who shines without apology. A sequin notebook and 1.2L tumbler in a gift bag, because her faith is loud, her vision is clear, and she was never meant to blend in.",in stock,new,680.00 ZAR,https://kadashgifts.co.za/#gift-34,https://kadashgifts.co.za/images/sequin_notebook.jpg,Kadash Gifts,Gift Boxes & Hampers > Christian Gifts > Mother's Day > For Her
35,The Curated Welcome,"Because first impressions are everything. A fully branded corporate basket, personalised mousepad, notebook, tumbler, sweet treats, chocolate, and lotion. The kind of gift that says your company pays attention.",in stock,new,880.00 ZAR,https://kadashgifts.co.za/#gift-35,https://kadashgifts.co.za/images/aesthetic_basket_1.jpg,Kadash Gifts,Best Sellers > Corporate & Events
36,The Intentional Desk,"For the person who builds their day with purpose. A branded mousepad, diary, notebook, and tumbler, everything they reach for every morning, carrying your company's name.",in stock,new,850.00 ZAR,https://kadashgifts.co.za/#gift-36,https://kadashgifts.co.za/images/the_organised_set_1.jpg,Kadash Gifts,Corporate & Events
37,The Branded Tumbler,"They carry it everywhere, to meetings, to the gym, through long days. A 1.2L tumbler branded with your company logo. Useful enough to use daily. Quality enough to mean something. Dishwasher safe.",in stock,new,450.00 ZAR,https://kadashgifts.co.za/#gift-37,https://kadashgifts.co.za/images/company_tubler_1.jpg,Kadash Gifts,Corporate & Events
38,The Boardroom Mug,"Simple. Sharp. Unmistakably yours. A branded corporate mug presented in a matching gift box, the kind of detail that makes your company look like it cares, because it does. Dishwasher safe.",in stock,new,120.00 ZAR,https://kadashgifts.co.za/#gift-38,https://kadashgifts.co.za/images/corporate_mug_1.jpg,Kadash Gifts,Corporate & Events
39,The Beauty Edit,"For the woman on your team who holds everything together. A branded tumbler, compact mirror, makeup bag, notebook, and lotion, a corporate gift that finally feels personal.",in stock,new,800.00 ZAR,https://kadashgifts.co.za/#gift-39,https://kadashgifts.co.za/images/beauty_set_1.jpg,Kadash Gifts,Corporate & Events
40,The Signature Pour,"Your logo on the glass they raise at the end of a hard week. A single branded wine tumbler, understated, elegant, and entirely on brand. The kind of gift that gets noticed without trying.",in stock,new,200.00 ZAR,https://kadashgifts.co.za/#gift-40,https://kadashgifts.co.za/images/corporate_wine_tumblers.jpg,Kadash Gifts,Corporate & Events
41,The Men's Appreciation Box,"For the man who shows up every day and rarely hears thank you. A branded notebook, tumbler, chocolates, and sweets, packaged to say what words often don't. Recognition, done properly.",in stock,new,550.00 ZAR,https://kadashgifts.co.za/#gift-41,https://kadashgifts.co.za/images/mens_appreciation_gift.jpg,Kadash Gifts,Gift Boxes & Hampers > Corporate & Events
42,The Glamour Desk Set,"She brings beauty to everything she touches, her workspace should be no different. A branded tumbler, sequin mousepad, makeup bag, and notebook. For the woman who works hard and looks good doing it.",in stock,new,780.00 ZAR,https://kadashgifts.co.za/#gift-42,https://kadashgifts.co.za/images/glamour_set_tumbler.jpg,Kadash Gifts,Gift Boxes & Hampers > For Her > Corporate & Events
43,The Executive Lunch Set,"Everything he needs, monogrammed and ready. A personalised lunch bag, leather notebook, tumbler, stylus pen, and power bank, built for the executive who moves fast and never compromises on detail.",in stock,new,750.00 ZAR,https://kadashgifts.co.za/#gift-43,https://kadashgifts.co.za/images/lunch_deluxe_set_1.jpg,Kadash Gifts,Gift Boxes & Hampers > Corporate & Events
44,The Two-Tone Mug,"The mug on every desk that starts every conversation. A personalised two-tone mug with matching spoon, branded with a name or logo, and impossible to mistake for anyone else's. Dishwasher safe.",in stock,new,130.00 ZAR,https://kadashgifts.co.za/#gift-44,https://kadashgifts.co.za/images/two_toned_mug_1.jpg,Kadash Gifts,Corporate & Events
45,The Welcome Romper,"Their name. Their arrival. Their first piece of something made just for them. A personalised long-sleeve baby romper, soft, warm, and ready to welcome the newest person in your world.",in stock,new,150.00 ZAR,https://kadashgifts.co.za/#gift-45,https://kadashgifts.co.za/images/baby_romper_long_sleeve.jpg,Kadash Gifts,New Baby
46,The Little One Set,"A short-sleeve romper and matching hat, both personalised with baby's name. The kind of gift that gets kept long after they've grown out of it, because it was made for them before they even knew who they were.",in stock,new,230.00 ZAR,https://kadashgifts.co.za/#gift-46,https://kadashgifts.co.za/images/baby_romper_hat_set.jpg,Kadash Gifts,New Baby
47,The Wrap Them In Love Blanket,"Soft, personalised, and made to be held close. A fleece or receiving blanket printed with baby's name, for every feed, every nap, and every moment that deserves to feel like home.",in stock,new,250.00 ZAR,https://kadashgifts.co.za/#gift-47,https://kadashgifts.co.za/images/baby_fleece_receiving_blankets_1.jpg,Kadash Gifts,New Baby
48,The First Hello Romper,"Simple, soft, and entirely theirs. A personalised baby romper carrying their name from day one, because even the smallest person deserves something made just for them.",in stock,new,130.00 ZAR,https://kadashgifts.co.za/#gift-48,https://kadashgifts.co.za/images/baby_romper.jpg,Kadash Gifts,New Baby
49,The First Sip Cup,"Their name on the cup they reach for first. A 320ml stainless steel baby feeding cup, sublimation-printed and built to last, because even the smallest details of their earliest days deserve to be made just for them. Dishwasher safe.",in stock,new,250.00 ZAR,https://kadashgifts.co.za/#gift-49,https://kadashgifts.co.za/images/baby_feeding_cup_1.jpg,Kadash Gifts,New Baby
50,The Little Explorer Pack,"Their name on their back before they even know where they're going. A personalised kiddies backpack, for the little one who is already on an adventure.",in stock,new,250.00 ZAR,https://kadashgifts.co.za/#gift-50,https://kadashgifts.co.za/images/kiddies_backpack_1.jpg,Kadash Gifts,New Baby
51,The Gentle Touch Cloth,"Soft on their skin, personal from day one. Personalised burp cloths carrying baby's name, for every tender moment in those early weeks that go by far too fast.",in stock,new,150.00 ZAR,https://kadashgifts.co.za/#gift-51,https://kadashgifts.co.za/images/burp_cloths.jpg,Kadash Gifts,New Baby
52,The Full Arrival Gift,"For the family who just changed forever. A teddy, burp cloth, blanket, dummy, feeding cup, beanie, and baby grow, every piece personalised, everything they need for the first days of the rest of their lives.",in stock,new,1150.00 ZAR,https://kadashgifts.co.za/#gift-52,https://kadashgifts.co.za/images/teddy_burp_1.jpg,Kadash Gifts,Best Sellers > New Baby
53,The Adventure Starts Here Set,"A teddy with a personalised top, a personalised blanket, feeding cup, and backpack, because from the very first day, they are going somewhere. Help them arrive in style.",in stock,new,1080.00 ZAR,https://kadashgifts.co.za/#gift-53,https://kadashgifts.co.za/images/teddy_backpack_set.jpg,Kadash Gifts,Gift Boxes & Hampers > New Baby
54,The Welcome To The World Set,"A personalised baby grow, beanie, teddy, dummy, feeding cup, and blanket, everything waiting for them the moment they arrive. The gift that says we were ready for you, and we made it just for you.",in stock,new,1050.00 ZAR,https://kadashgifts.co.za/#gift-54,https://kadashgifts.co.za/images/baby_grow_set_1.jpg,Kadash Gifts,Gift Boxes & Hampers > New Baby
55,Personalised Baby Cushion,"Their name, softly printed, on something that holds them close. A personalised baby cushion, a small comfort that becomes a lasting keepsake.",in stock,new,160.00 ZAR,https://kadashgifts.co.za/#gift-55,https://kadashgifts.co.za/images/baby_cushion_1.jpg,Kadash Gifts,New Baby
56,The Tiny Traveller Set,"A personalised backpack, teddy, blanket, and feeding cup, for the little one who hasn't gone anywhere yet but is already going everywhere. The complete set for their very first chapter.",in stock,new,980.00 ZAR,https://kadashgifts.co.za/#gift-56,https://kadashgifts.co.za/images/backpack_teddy_1.jpg,Kadash Gifts,Gift Boxes & Hampers > New Baby
57,The Welcomed With Love Basket,"Baby lotion, powder, and wash. A personalised outfit with vest, a personalised basket, dummy, and feeding cup, a full welcome, wrapped in care. For the baby who is already so loved, and the parents who want to show it.",in stock,new,850.00 ZAR,https://kadashgifts.co.za/#gift-57,https://kadashgifts.co.za/images/baby_lotion_powder_set.jpg,Kadash Gifts,Gift Boxes & Hampers > New Baby
58,The Comfort Keeper,"The thing that quiets the world for them. A personalised dummy: small, soft, and carrying their name before they can even say it.",in stock,new,150.00 ZAR,https://kadashgifts.co.za/#gift-58,https://kadashgifts.co.za/images/baby_dummy_1.jpg,Kadash Gifts,New Baby
59,The Daily Essentials Set,"The things they reach for every single day: a personalised feeding cup, vest, blanket, and dummy. Simple gifts that become the rhythm of their earliest life.",in stock,new,650.00 ZAR,https://kadashgifts.co.za/#gift-59,https://kadashgifts.co.za/images/feeding_cup_vest_set_1.jpg,Kadash Gifts,Gift Boxes & Hampers > New Baby
60,The Grand Welcome Basket,"Everything they could need, all in one place. A personalised basket with hat, blanket, burp cloth, feeding cup, vest, and teddy. The kind of gift that makes a family feel truly celebrated.",in stock,new,1100.00 ZAR,https://kadashgifts.co.za/#gift-60,https://kadashgifts.co.za/images/basket_hat_blanket_1.jpg,Kadash Gifts,Gift Boxes & Hampers > New Baby
61,The Soothe & Nourish Set,"Two of the most-reached-for things in a new baby's world: a personalised feeding cup and a personalised dummy. Practical, personal, and impossible to mix up with anyone else's.",in stock,new,320.00 ZAR,https://kadashgifts.co.za/#gift-61,https://kadashgifts.co.za/images/feed_cup_dummy.jpg,Kadash Gifts,New Baby
62,The Held Close Set,"A blanket, feeding cup, cushion, burp cloth, teddy, and romper, all personalised. For every moment they are held, fed, and wrapped in love. The gift for the family in the thick of the beautiful, exhausting beginning.",in stock,new,950.00 ZAR,https://kadashgifts.co.za/#gift-62,https://kadashgifts.co.za/images/cushion_burp_cloth_set_1.jpg,Kadash Gifts,Gift Boxes & Hampers > New Baby
63,The Adventure Bottle,"Their name on the bottle they carry everywhere. A 400ml stainless steel kids bottle, built for school bags, sports days, and every adventure in between. Dishwasher safe.",in stock,new,200.00 ZAR,https://kadashgifts.co.za/#gift-63,https://kadashgifts.co.za/images/kids_stainless_steel_bottle_1.jpg,Kadash Gifts,For Kids > Mugs & Bottles
64,The Ready For Anything Set,"A personalised backpack and matching bottle, because every big day starts with having everything you need. Made for the little one who is always on the go.",in stock,new,430.00 ZAR,https://kadashgifts.co.za/#gift-64,https://kadashgifts.co.za/images/kids_backpack_bottle_set_1.jpg,Kadash Gifts,For Kids
66,The Lunchtime Set,"Lunchtime just got personal. A personalised kids lunch box and matching bottle, because the things they use every day should feel like they were made just for them. Because they were.",in stock,new,350.00 ZAR,https://kadashgifts.co.za/#gift-66,https://kadashgifts.co.za/images/lunch_box_and_bottle.jpg,Kadash Gifts,Best Sellers > For Kids
67,The Carry It Proud Bag,"Their name on the bag they carry into school every single day. A personalised kids school bag, big enough for everything they need, made to feel like theirs.",in stock,new,300.00 ZAR,https://kadashgifts.co.za/#gift-67,https://kadashgifts.co.za/images/kids_bag.jpg,Kadash Gifts,For Kids
68,The Full Pack Set,"A personalised backpack, puzzle, bottle, and gift bag: everything a child needs, wrapped up and ready to give. For the kid who deserves a gift that actually gets used.",in stock,new,600.00 ZAR,https://kadashgifts.co.za/#gift-68,https://kadashgifts.co.za/images/kids_backpack_puzzle_bottle.jpg,Kadash Gifts,Gift Boxes & Hampers > For Kids
69,The Complete Lunchtime Kit,"Lunch bag, bottle, and lunchbox, all personalised, all in one. For the child who deserves to open their bag and find something made just for them, every single day.",in stock,new,530.00 ZAR,https://kadashgifts.co.za/#gift-69,https://kadashgifts.co.za/images/lunch_bag.jpg,Kadash Gifts,Gift Boxes & Hampers > For Kids
71,The 40oz Tumbler,"A 1.2L personalised tumbler that keeps up with the day. Sublimation-printed so the design won't peel or fade, their name, their colour, their cup, from the desk to the drive home. Dishwasher safe.",in stock,new,400.00 ZAR,https://kadashgifts.co.za/#gift-71,https://kadashgifts.co.za/images/40oz_tumbler.jpg,Kadash Gifts,Best Sellers > For Kids > Mugs & Bottles
72,The Two-Tone Explorer,"Two colours, one name, zero excuses for losing it. A personalised two-tone stainless steel bottle, the one they'll actually want to carry.",in stock,new,250.00 ZAR,https://kadashgifts.co.za/#gift-72,https://kadashgifts.co.za/images/kids_two_toned_bottle.jpg,Kadash Gifts,For Kids > Mugs & Bottles
73,The Healing Basket,"When words aren't enough, send this. A wooden basket filled with a tumbler, teddy, ginger tea, honey, Ferrero Rocher, nuts, fruit bits, a plant, devotional book, candle, and a card: everything they need to feel held, loved, and on the mend.",in stock,new,1200.00 ZAR,https://kadashgifts.co.za/#gift-73,https://kadashgifts.co.za/images/teddy_ginger_tea_set.jpg,Kadash Gifts,Gift Boxes & Hampers > Christian Gifts > Get Well Soon
74,The Rest & Restore Set,"Tell them to stop, rest, and let their body do its work. A personalised gown and slippers paired with bath salts, body wash, body scrub, body butter, a candle, and a card. The gift that says slow down, we've got you.",in stock,new,1200.00 ZAR,https://kadashgifts.co.za/#gift-74,https://kadashgifts.co.za/images/gown_slipper_sick.jpg,Kadash Gifts,Gift Boxes & Hampers > Get Well Soon
75,The On The Mend Kit,"Practical, personal, and full of care. A head rest, tumbler, five fruit and energy bars, toiletry bag, body lotion, nougat, and a card, because getting better is easier when someone thought of everything.",in stock,new,950.00 ZAR,https://kadashgifts.co.za/#gift-75,https://kadashgifts.co.za/images/head_rest_tubler.jpg,Kadash Gifts,Gift Boxes & Hampers > Get Well Soon
76,The Wooden Handle Mug,"Warm hands, warm heart. A personalised mug with a natural wooden handle, the kind of cup that makes every morning feel a little more intentional. Dishwasher safe.",in stock,new,130.00 ZAR,https://kadashgifts.co.za/#gift-76,https://kadashgifts.co.za/images/mug_wooden_handle.jpg,Kadash Gifts,Mugs & Bottles
77,The Classic Mug,"Clean, classic, and entirely theirs. A personalised white mug, the one they reach for first, every single morning. Dishwasher safe.",in stock,new,100.00 ZAR,https://kadashgifts.co.za/#gift-77,https://kadashgifts.co.za/images/plain_white_mug.jpg,Kadash Gifts,Best Sellers > Mugs & Bottles
78,The Black Frame Mug,"Bold framing, personal touch. A personalised black frame mug that turns an everyday cup into a statement, presented in a gift box for the full experience. Dishwasher safe.",in stock,new,130.00 ZAR,https://kadashgifts.co.za/#gift-78,https://kadashgifts.co.za/images/black_frame_mug.jpg,Kadash Gifts,Mugs & Bottles
79,The Spoon & Sip Mug,"The matching set they didn't know they needed. A personalised mug with matching spoon, available in Green, Red, Navy, Blue, Yellow, Pink, Orange, and Purple. The perfect finishing touch for any desk or kitchen. Dishwasher safe.",in stock,new,120.00 ZAR,https://kadashgifts.co.za/#gift-79,https://kadashgifts.co.za/images/mug_with_spoon.jpg,Kadash Gifts,Mugs & Bottles
80,The Two-Tone Mug,"Two colours, one name, zero chance of being mistaken for someone else's. A personalised two-tone mug available in Green, Red, Navy, Blue, Yellow, Pink, Orange, and Purple. Dishwasher safe.",in stock,new,110.00 ZAR,https://kadashgifts.co.za/#gift-80,https://kadashgifts.co.za/images/two-toned-mug.jpg,Kadash Gifts,Mugs & Bottles
81,The Frosted Mug,"Soft finish, strong impression. A personalised frosted mug in Pink, Green, Yellow, Red, or Blue. The kind of gift that looks as good on the shelf as it does in their hands. Dishwasher safe.",in stock,new,110.00 ZAR,https://kadashgifts.co.za/#gift-81,https://kadashgifts.co.za/images/frosted_mug.jpg,Kadash Gifts,Best Sellers > Mugs & Bottles
82,The Cappuccino Mug,"The mug that belongs in a meeting room and a kitchen table. A personalised cappuccino-style mug. Branded or gifted, it always looks the part. Dishwasher safe.",in stock,new,250.00 ZAR,https://kadashgifts.co.za/#gift-82,https://kadashgifts.co.za/images/corp_cuppacino_1.jpg,Kadash Gifts,Mugs & Bottles
83,The Daily Carry,"A branded lunch bag they actually reach for, to the office, to site, to wherever the day takes them. Your logo, carried every single day.",in stock,new,130.00 ZAR,https://kadashgifts.co.za/#gift-83,https://kadashgifts.co.za/images/corporate_lunch_bag.jpg,Kadash Gifts,Corporate & Events
84,The Keyring They Keep,"Small, branded, and impossible to misplace. A lightweight polymer keyring that resists cracking, scratching, and fading, your company's name in their pocket and in their hand, every time they reach for their keys.",in stock,new,100.00 ZAR,https://kadashgifts.co.za/#gift-84,https://kadashgifts.co.za/images/corporate_key_ring.jpg,Kadash Gifts,Corporate & Events
85,The Signature Pen,"The pen that ends up in every meeting and on every signature. Branded with your logo, understated, useful, and always within reach.",in stock,new,80.00 ZAR,https://kadashgifts.co.za/#gift-85,https://kadashgifts.co.za/images/branded_pen.jpg,Kadash Gifts,Corporate & Events
86,The Carry-All Case,"Branded and built to hold the everyday essentials. The kind of detail that makes your company look like it pays attention, because it does.",in stock,new,130.00 ZAR,https://kadashgifts.co.za/#gift-86,https://kadashgifts.co.za/images/branded_pencil_case.jpg,Kadash Gifts,Corporate & Events
87,The Blank Page,"Every good idea starts on a blank page. A branded notebook for the meetings, the plans, and the thinking that moves work forward, your logo on every one.",in stock,new,150.00 ZAR,https://kadashgifts.co.za/#gift-87,https://kadashgifts.co.za/images/branded_note_book.jpg,Kadash Gifts,Corporate & Events
88,The Desk Mark,"Branded and built to sit front and centre on their desk. A small daily reminder of who they work with, keeping their pens in place and your name in view.",in stock,new,90.00 ZAR,https://kadashgifts.co.za/#gift-88,https://kadashgifts.co.za/images/branded_pen_holder.jpg,Kadash Gifts,Corporate & Events
89,The Sports Day Bottle,"For the kid who never sits still. A personalised sports bottle built for practice, matches, and everything in between. Their name on every sip. Dishwasher safe.",in stock,new,200.00 ZAR,https://kadashgifts.co.za/#gift-89,https://kadashgifts.co.za/images/kids_sports_bottle.jpg,Kadash Gifts,For Kids > Mugs & Bottles
90,The Little Scholar Set,"Back-to-school, sorted. A personalised pencil case and matching pen, their name on the desk essentials they'll reach for every day.",in stock,new,180.00 ZAR,https://kadashgifts.co.za/#gift-90,https://kadashgifts.co.za/images/pencil_case_pen.jpg,Kadash Gifts,For Kids
91,The Little Essentials Set,"The little things that make them feel special. Personalised socks and a matching bottle, wrapped in a gift bag and ready to give.",in stock,new,400.00 ZAR,https://kadashgifts.co.za/#gift-91,https://kadashgifts.co.za/images/socks_bottle_gift_bag.jpg,Kadash Gifts,For Kids
92,The Grab & Go Gift Bag,"A personalised tumbler wrapped and ready to gift. Their name, their colour, packed in a gift bag. Thoughtful, done, sorted.",in stock,new,300.00 ZAR,https://kadashgifts.co.za/#gift-92,https://kadashgifts.co.za/images/tumbler_gift_bag.jpg,Kadash Gifts,For Kids
93,The Mr & Mrs Home Set,"For the two who built a home together. A personalised ceramic clock, Mr & Mrs mugs, and a matching Mr & Mrs coaster, every piece marking the life you share.",in stock,new,650.00 ZAR,https://kadashgifts.co.za/#gift-93,https://kadashgifts.co.za/images/coaster_mug_clock.jpg,Kadash Gifts,Best Sellers > Gift Boxes & Hampers > Love & Anniversary
94,The Time Together Set,"Every moment with them is worth keeping. A personalised ceramic clock paired with a personalised puzzle, a gift about the time you've spent and the pieces that make you, you.",in stock,new,450.00 ZAR,https://kadashgifts.co.za/#gift-94,https://kadashgifts.co.za/images/clock_with_puzzle.jpg,Kadash Gifts,Love & Anniversary
95,The Keepsake Clock,"A personalised ceramic clock made to mark what matters: their names, your date, a moment you'll never let slip. Simple, lasting, entirely yours.",in stock,new,300.00 ZAR,https://kadashgifts.co.za/#gift-95,https://kadashgifts.co.za/images/ceremic_clock.jpg,Kadash Gifts,Love & Anniversary
96,The His & Hers Towel Set,"For the couple who share everything, including the bathroom. A personalised Mr & Mrs towel set, his and hers, each carrying their name.",in stock,new,500.00 ZAR,https://kadashgifts.co.za/#gift-96,https://kadashgifts.co.za/images/personlised_towels_set.jpg,Kadash Gifts,Gift Boxes & Hampers > Love & Anniversary
97,The Grand Gesture Set,"When you want to say it loudly. A gift bag loaded with balloons, fresh flowers, Kit Kat and Ferrero Rocher, finished with a personalised keyring, the whole celebration in one.",in stock,new,750.00 ZAR,https://kadashgifts.co.za/#gift-97,https://kadashgifts.co.za/images/bag_balloons_flower_set.jpg,Kadash Gifts,Gift Boxes & Hampers > Love & Anniversary
98,The Gentleman's Bouquet,"A bouquet built for him. A personalised cap, Kit Kat and Ferrero Rocher, two pairs of socks, a personalised iPhone cover, and a personalised pen: everything he'd never buy himself.",in stock,new,550.00 ZAR,https://kadashgifts.co.za/#gift-98,https://kadashgifts.co.za/images/mens_bouquet.jpg,Kadash Gifts,Love & Anniversary
99,The Piece by Piece Set,"Because you fell for them piece by piece. A personalised puzzle with wine, a candle, Ferrero Rocher, and a heart chocolate, a slow, sweet celebration of the two of you.",in stock,new,600.00 ZAR,https://kadashgifts.co.za/#gift-99,https://kadashgifts.co.za/images/piece_by_piece.jpg,Kadash Gifts,Gift Boxes & Hampers > Love & Anniversary
100,The Table for Two Set,"For the couple who host with heart. A personalised platter board, personalised mugs, personalised coasters, and a personalised gift bag. Set the table and let love do the rest.",in stock,new,700.00 ZAR,https://kadashgifts.co.za/#gift-100,https://kadashgifts.co.za/images/platter_mugs.jpg,Kadash Gifts,Gift Boxes & Hampers > Love & Anniversary
101,The Cosy Couple Set,Slow mornings and shared blankets. A personalised mug and cushion set made for the couple who love staying in.,in stock,new,640.00 ZAR,https://kadashgifts.co.za/#gift-101,https://kadashgifts.co.za/images/mug_cushion_set.jpg,Kadash Gifts,Love & Anniversary
102,The Whole Heart Set,"Everything, all at once. A personalised cushion, personalised mugs, personalised coasters, a personalised ceramic clock, and a gift box to hold it all, the fullest way to say how much they mean to you.",in stock,new,800.00 ZAR,https://kadashgifts.co.za/#gift-102,https://kadashgifts.co.za/images/cushion_mug_coaster.jpg,Kadash Gifts,Gift Boxes & Hampers > Love & Anniversary
103,The Cappuccino Ritual,"The mid-morning moment, personalised. A branded cappuccino mug with nuts and dried fruit, a considered desk gift that keeps your name in their hands, cup after cup.",in stock,new,480.00 ZAR,https://kadashgifts.co.za/#gift-103,https://kadashgifts.co.za/images/corporate_capacino_mug.jpg,Kadash Gifts,Corporate & Events
104,The Executive Standard,"Everything the working day asks for, all personalised. A pen, bottle, lunch bag, and notebook, a complete corporate set that puts your brand to work every day.",in stock,new,750.00 ZAR,https://kadashgifts.co.za/#gift-104,https://kadashgifts.co.za/images/pen_bottle_notebook.jpg,Kadash Gifts,Corporate & Events
105,The Midday Carry,"A personalised lunch bag that moves from desk to boardroom and back. Practical, branded, and used daily. Corporate gifting that earns its keep.",in stock,new,300.00 ZAR,https://kadashgifts.co.za/#gift-105,https://kadashgifts.co.za/images/lunch_bags.jpg,Kadash Gifts,Corporate & Events
106,The Considered Trio,"Three thoughtful pieces: a personalised keyring, bottle, and candle. Understated and genuinely useful, for staff appreciation or client thank-yous.",in stock,new,500.00 ZAR,https://kadashgifts.co.za/#gift-106,https://kadashgifts.co.za/images/keyring_bottle_candle.jpg,Kadash Gifts,Corporate & Events
107,The Field Set,"For the team that takes the work on the road. A personalised flask and notebook with a pen and Ferrero Rocher, a premium gift that travels well.",in stock,new,600.00 ZAR,https://kadashgifts.co.za/#gift-107,https://kadashgifts.co.za/images/flask_notebook_pen.jpg,Kadash Gifts,Corporate & Events
108,The Living Desk,"A corporate gift that keeps growing. A personalised plant alongside a flask, notebook, and pen, a fresh, lasting addition to any desk.",in stock,new,700.00 ZAR,https://kadashgifts.co.za/#gift-108,https://kadashgifts.co.za/images/plant_flask_notebook_pen.jpg,Kadash Gifts,Corporate & Events
109,The Comfort & Care Hamper,"Everything they need to feel held while they heal. A glass display filled with a personalised mug, honey, biscuits, tea, tissues, a candle, and Ferrero Rocher and Lindt chocolates. Comfort, all in one place.",in stock,new,800.00 ZAR,https://kadashgifts.co.za/#gift-109,https://kadashgifts.co.za/images/glass_display_mug_honey.jpg,Kadash Gifts,Gift Boxes & Hampers > Get Well Soon
110,The Proud Graduate Display,"For the milestone worth framing. A personalised graduation display marking their name, their achievement, and the day they earned it, from creche caps to final years.",in stock,new,200.00 ZAR,https://kadashgifts.co.za/#gift-110,https://kadashgifts.co.za/images/graduation_display.jpg,Kadash Gifts,Graduation & School
111,The Class Mug & Box,"A personalised mug boxed and ready to gift, for a favourite teacher, a proud graduate, or a keepsake from the school year. Dishwasher safe.",in stock,new,120.00 ZAR,https://kadashgifts.co.za/#gift-111,https://kadashgifts.co.za/images/mug__mugbox_school.jpg,Kadash Gifts,Graduation & School
112,The School Lunch Box,"A personalised lunch box made for the school run, their name front and centre, built for every packed lunch of the year.",in stock,new,150.00 ZAR,https://kadashgifts.co.za/#gift-112,https://kadashgifts.co.za/images/lunch_box.jpg,Kadash Gifts,Graduation & School
113,The School Keyring,"A small personalised keyring in lightweight, hard-wearing polymer that resists cracking, scratching, and fading. An easy, affordable keepsake for class gifts, party packs, or end-of-year thank-yous.",in stock,new,100.00 ZAR,https://kadashgifts.co.za/#gift-113,https://kadashgifts.co.za/images/keyring_school.jpg,Kadash Gifts,Graduation & School
114,The School Sippy Cup,"A personalised sippy cup in a playful school design, perfect for creche, little graduates, and everything in between. Dishwasher safe.",in stock,new,200.00 ZAR,https://kadashgifts.co.za/#gift-114,https://kadashgifts.co.za/images/sippy_cup_school.jpg,Kadash Gifts,Graduation & School
115,The School Water Bottle,"A personalised water bottle made for the school day. Their name on the one they carry to class, to practice, and back. Dishwasher safe.",in stock,new,150.00 ZAR,https://kadashgifts.co.za/#gift-115,https://kadashgifts.co.za/images/water_bottles_school.jpg,Kadash Gifts,Graduation & School
116,The School Pencil Case,A personalised pencil case sized for the school bag. Their name on the one that holds everything they need for class.,in stock,new,90.00 ZAR,https://kadashgifts.co.za/#gift-116,https://kadashgifts.co.za/images/pencil_case_school.jpg,Kadash Gifts,Graduation & School
117,The Pencil Case & Crayons Set,"A personalised pencil case packed with crayons, ready for the classroom. Their name on the set they colour, write, and learn with.",in stock,new,150.00 ZAR,https://kadashgifts.co.za/#gift-117,https://kadashgifts.co.za/images/pencil_case_crayons.jpg,Kadash Gifts,Gift Boxes & Hampers > Graduation & School
118,The School Stationery Set,A personalised pencil case and matching pen in a school design. Their name on the desk essentials they reach for every day.,in stock,new,180.00 ZAR,https://kadashgifts.co.za/#gift-118,https://kadashgifts.co.za/images/pen_pencil_case_school.jpg,Kadash Gifts,Graduation & School
119,The School Arm Sleeves,"A pair of personalised arm sleeves. Their name on a practical extra for school, sports days, and time in the sun.",in stock,new,100.00 ZAR,https://kadashgifts.co.za/#gift-119,https://kadashgifts.co.za/images/arm_sleeves.jpg,Kadash Gifts,Graduation & School
120,The Comrades Winner Set,"For the runner who conquered the ultimate. A personalised T-shirt, cap, mug, keyring, and coaster, celebrating the medal, the miles, and everything it took to earn them.",in stock,new,640.00 ZAR,https://kadashgifts.co.za/#gift-120,https://kadashgifts.co.za/images/comrades_winner_set.jpg,Kadash Gifts,Gift Boxes & Hampers > For Him
121,The Runner's Overnight Bag,"A personalised sports and overnight bag built for the runner always heading somewhere. Race day, training camp, or the weekend away.",in stock,new,600.00 ZAR,https://kadashgifts.co.za/#gift-121,https://kadashgifts.co.za/images/runner_bag_sports.jpg,Kadash Gifts,For Him
122,The Athlete's Bag Set,"Everything the athlete needs to train and travel. A personalised bag, towel, and bottle, their name on the kit that goes the distance with them.",in stock,new,1000.00 ZAR,https://kadashgifts.co.za/#gift-122,https://kadashgifts.co.za/images/bag_towel_set.jpg,Kadash Gifts,Gift Boxes & Hampers > For Him
123,The Comrades Flask,"A personalised flask for the Comrades runner. Keeps them going through the miles, and marks the achievement long after the finish. Dishwasher safe.",in stock,new,300.00 ZAR,https://kadashgifts.co.za/#gift-123,https://kadashgifts.co.za/images/comrades_flask.jpg,Kadash Gifts,For Him
124,The Event Mug & Pen Set,"A personalised mug and matching pen, boxed and ready to hand out. A smart, useful favour for conferences, launches, and celebrations.",in stock,new,170.00 ZAR,https://kadashgifts.co.za/#gift-124,https://kadashgifts.co.za/images/mug_pen_events.jpg,Kadash Gifts,Gift Boxes & Hampers > Corporate & Events
125,The Full Delegate Set,"Everything a guest needs to take notes and take part. A personalised mousepad, notebook, pen, and flask, the complete set for conferences, workshops, and corporate events.",in stock,new,630.00 ZAR,https://kadashgifts.co.za/#gift-125,https://kadashgifts.co.za/images/mousepad_notebook_pen_events.jpg,Kadash Gifts,Gift Boxes & Hampers > Corporate & Events
126,The Event Pencil Bag,"A personalised pencil bag, packaged and ready to give. A neat, practical favour that guests actually keep.",in stock,new,95.00 ZAR,https://kadashgifts.co.za/#gift-126,https://kadashgifts.co.za/images/packaging_pencil_bag_events.jpg,Kadash Gifts,Corporate & Events
127,The Compact Mirror Favour,"A personalised compact mirror in gift packaging. A small, thoughtful touch for weddings, parties, and events.",in stock,new,150.00 ZAR,https://kadashgifts.co.za/#gift-127,https://kadashgifts.co.za/images/packaging_compact_mirror.jpg,Kadash Gifts,Corporate & Events
128,The Sequin Makeup Bag,"A personalised sequin makeup bag, packaged to impress. A favour with a bit of sparkle for the guests who love the details.",in stock,new,150.00 ZAR,https://kadashgifts.co.za/#gift-128,https://kadashgifts.co.za/images/packaging_sequin_makeup.jpg,Kadash Gifts,Corporate & Events
129,The Boxed Candle,"A personalised candle presented in a gift box. A warm, welcoming favour that suits any occasion.",in stock,new,190.00 ZAR,https://kadashgifts.co.za/#gift-129,https://kadashgifts.co.za/images/box_candle_set.jpg,Kadash Gifts,Corporate & Events
130,The Charm Keyring Favour,"A personalised charm keyring in lightweight, hard-wearing polymer, gift-packaged and ready to hand out. A small keepsake guests carry long after the event.",in stock,new,150.00 ZAR,https://kadashgifts.co.za/#gift-130,https://kadashgifts.co.za/images/packaging_charm_keyring.jpg,Kadash Gifts,Corporate & Events
131,The Boxed Glass Bottle,"A personalised glass bottle boxed and ready to give. A clean, useful favour for launches, weddings, and corporate days. Dishwasher safe.",in stock,new,190.00 ZAR,https://kadashgifts.co.za/#gift-131,https://kadashgifts.co.za/images/box_glass.jpg,Kadash Gifts,Corporate & Events
132,The Succulent Favour,A potted succulent presented in a gift box. A living favour that keeps growing well past the event.,in stock,new,200.00 ZAR,https://kadashgifts.co.za/#gift-132,https://kadashgifts.co.za/images/box_succulent_event.jpg,Kadash Gifts,Corporate & Events
133,The Phone-Stand Pen,"A personalised pen that doubles as a phone stand, packaged and ready to give. A clever little favour guests will actually use at their desk.",in stock,new,65.00 ZAR,https://kadashgifts.co.za/#gift-133,https://kadashgifts.co.za/images/packaging_pen_events.jpg,Kadash Gifts,Corporate & Events
134,The Notebook & Pen Box,"A personalised notebook and pen in a gift box. A polished favour for delegates, guests, and teams.",in stock,new,200.00 ZAR,https://kadashgifts.co.za/#gift-134,https://kadashgifts.co.za/images/box_notebook_pen.jpg,Kadash Gifts,Gift Boxes & Hampers > Corporate & Events
135,The Event Tumbler Set,"A personalised 1.2L tumbler in a matching gift bag. A premium favour that guests carry everywhere, keeping your event in hand long after.",in stock,new,450.00 ZAR,https://kadashgifts.co.za/#gift-135,https://kadashgifts.co.za/images/gift_bag_tumbler_events.jpg,Kadash Gifts,Corporate & Events
136,The Quiet Time Set,"For the mornings spent in the Word. A personalised Bible, notebook, and pen, made for prayer, reflection, and the quiet time that shapes everything else.",in stock,new,550.00 ZAR,https://kadashgifts.co.za/#gift-136,https://kadashgifts.co.za/images/bible_notebook_pen.jpg,Kadash Gifts,Gift Boxes & Hampers > Christian Gifts
137,The Kingdom Hoodie & Cap,"Wear your faith with ease. A personalised hoodie and matching trucker cap, durable and flexible, for the man who carries the Kingdom into every room he walks.",in stock,new,500.00 ZAR,https://kadashgifts.co.za/#gift-137,https://kadashgifts.co.za/images/hoodie_cap.jpg,Kadash Gifts,Christian Gifts > Father's Day > For Him
138,The Scripture Tumbler,"A personalised 1.2L tumbler in a scripture design. Sublimation-printed for colour that lasts, it keeps them going through the day with a word to hold onto, right there in their hands. Dishwasher safe.",in stock,new,400.00 ZAR,https://kadashgifts.co.za/#gift-138,https://kadashgifts.co.za/images/tumbler_scripture.jpg,Kadash Gifts,Christian Gifts
139,The Carry the Word Set,"Faith that goes everywhere they go. A personalised Bible bag, iPhone cover, and flask, so the Word travels with them from the pew to the everyday.",in stock,new,700.00 ZAR,https://kadashgifts.co.za/#gift-139,https://kadashgifts.co.za/images/scripture_bag_iphone_case.jpg,Kadash Gifts,Gift Boxes & Hampers > Christian Gifts
140,The Faithful Essentials Set,"The everyday tools for a life of faith. A personalised notebook, keyring, pen, and flask, ready for sermons, study, and everything in between.",in stock,new,500.00 ZAR,https://kadashgifts.co.za/#gift-140,https://kadashgifts.co.za/images/christian_notebook_keyring_pen.jpg,Kadash Gifts,Gift Boxes & Hampers > Christian Gifts
141,The Bible Bag,"A personalised bag made to carry the Word. Room for their Bible, notebook, and pen, with their name on the outside.",in stock,new,350.00 ZAR,https://kadashgifts.co.za/#gift-141,https://kadashgifts.co.za/images/bible_bag.jpg,Kadash Gifts,Christian Gifts
142,The Word on the Go Set,"For faith on the move. A personalised Bible bag and travel mug, ready for early services, small groups, and the commute in between.",in stock,new,500.00 ZAR,https://kadashgifts.co.za/#gift-142,https://kadashgifts.co.za/images/bible_bag_travel_mug.jpg,Kadash Gifts,Gift Boxes & Hampers > Christian Gifts
143,The Complete Kingdom Set,"Everything for a life rooted in the Word. A personalised Bible bag, keyring, mug, coaster, notebook, and Bible, the full set for the person who lives their faith out loud.",in stock,new,1050.00 ZAR,https://kadashgifts.co.za/#gift-143,https://kadashgifts.co.za/images/bible_bag_coaster_keyring.jpg,Kadash Gifts,Gift Boxes & Hampers > Christian Gifts
144,The Walk in Faith Set,"For every step of the journey. A personalised Bible, notebook, pen, socks, and keyring, a complete set for the one walking their faith daily.",in stock,new,750.00 ZAR,https://kadashgifts.co.za/#gift-144,https://kadashgifts.co.za/images/bible_pen_socks.jpg,Kadash Gifts,Gift Boxes & Hampers > Christian Gifts
145,The Blessed & Bright Set,"For the woman whose faith shines. A personalised sequin cushion and matching sequin notebook in a gift bag, bold, bright, and unapologetically hers.",in stock,new,480.00 ZAR,https://kadashgifts.co.za/#gift-145,https://kadashgifts.co.za/images/sequin_pillow_notebook.jpg,Kadash Gifts,Gift Boxes & Hampers > Christian Gifts
146,The Glass Display Clock,"A personalised glass display clock made to mark the moments that matter. Their names, a date, or a message, set in glass for the mantel or the desk.",in stock,new,300.00 ZAR,https://kadashgifts.co.za/#gift-146,https://kadashgifts.co.za/images/glass_clock_display.jpg,Kadash Gifts,Love & Anniversary > Home & Living
147,The Slate Heart Keepsake,"A heart-shaped personalised slate stone, engraved with a name, a date, or a few words that say it all. A small, lasting piece for any home.",in stock,new,200.00 ZAR,https://kadashgifts.co.za/#gift-147,https://kadashgifts.co.za/images/slate_stone.jpg,Kadash Gifts,Love & Anniversary > Home & Living
148,The Frosted Glass,"A personalised frosted glass etched with their name or a message. Priced per glass, so build the set that suits your table. Dishwasher safe.",in stock,new,100.00 ZAR,https://kadashgifts.co.za/#gift-148,https://kadashgifts.co.za/images/frosted_glasses.jpg,Kadash Gifts,Home & Living
149,The Personalised Plate,"A personalised plate made with your own design, ready to bring to the table again and again. Priced per plate. Dishwasher safe.",in stock,new,100.00 ZAR,https://kadashgifts.co.za/#gift-149,https://kadashgifts.co.za/images/personalised_plate.jpg,Kadash Gifts,Love & Anniversary > Home & Living
151,The Double-Walled Bottle,"A personalised double-walled bottle that keeps drinks hot or cold for hours. Priced per bottle, available in a range of colours. Dishwasher safe.",in stock,new,250.00 ZAR,https://kadashgifts.co.za/#gift-151,https://kadashgifts.co.za/images/double_walled_bottle.jpg,Kadash Gifts,Mugs & Bottles
152,The Can Tumbler,"A personalised can-style tumbler for the drink that travels with them. Sleek, insulated, and entirely theirs. Dishwasher safe.",in stock,new,250.00 ZAR,https://kadashgifts.co.za/#gift-152,https://kadashgifts.co.za/images/can_tumbler.jpg,Kadash Gifts,Mugs & Bottles
153,The Travel Mug,"A 400ml stainless steel travel mug, personalised and built for the commute and the coffee run. Their name on the lid, ready for the road. Dishwasher safe.",in stock,new,200.00 ZAR,https://kadashgifts.co.za/#gift-153,https://kadashgifts.co.za/images/travel_mug.jpg,Kadash Gifts,Mugs & Bottles
154,The 20oz Tumbler,"A 590ml personalised tumbler that keeps up with the day. Sublimation-printed so it never peels or fades, their name, their colour, from the desk to the drive home. Dishwasher safe.",in stock,new,250.00 ZAR,https://kadashgifts.co.za/#gift-154,https://kadashgifts.co.za/images/20oz_tumbler.jpg,Kadash Gifts,Mugs & Bottles
155,The Wine Tumbler,"A 355ml personalised wine tumbler for the pour that travels, from the patio to the picnic. Sublimation-printed so the design never peels, their name, no stem, no spills. Dishwasher safe.",in stock,new,200.00 ZAR,https://kadashgifts.co.za/#gift-155,https://kadashgifts.co.za/images/wine_tumbler_design.jpg,Kadash Gifts,Best Sellers > Love & Anniversary > For Her > Mugs & Bottles
156,The Full-Print Wine Tumbler,"A 355ml personalised wine tumbler wrapped in a full-print, edge-to-edge design. Sublimation-printed for colour that stays vivid wash after wash, bold from top to bottom. Dishwasher safe.",in stock,new,250.00 ZAR,https://kadashgifts.co.za/#gift-156,https://kadashgifts.co.za/images/wine_tumbler_full_print.jpg,Kadash Gifts,Love & Anniversary > For Her > Mugs & Bottles
157,The Sleek Tumbler,"A personalised sleek tumbler built for the day on the move. Slim, insulated, and entirely theirs. Dishwasher safe.",in stock,new,250.00 ZAR,https://kadashgifts.co.za/#gift-157,https://kadashgifts.co.za/images/sleek_tubler.jpg,Kadash Gifts,Mugs & Bottles
158,The Signature Gift Box,"You chose the perfect gift. Now hand it over like one. A personalised gift box with their name printed on the ribbon and the lid, so the moment lands before they have even seen what is inside. Sized to fit almost anything you are giving.",in stock,new,70.00 ZAR,https://kadashgifts.co.za/#gift-158,https://kadashgifts.co.za/images/gift-box-signature.jpg,Kadash Gifts,Gift Packaging
159,The Signature Gift Bag,"For the gift you are handing over in person. A personalised gift bag printed with their name, ready to carry and ready to give. No wrapping, no fuss. They lift the tissue and there it is.",in stock,new,25.00 ZAR,https://kadashgifts.co.za/#gift-159,https://kadashgifts.co.za/images/gift-bag-signature.jpg,Kadash Gifts,Gift Packaging
160,The Keepsake Gift Box,"A premium gift box with their name on the lid, in your choice of gold, silver, white or black. One generous size that fits gifts up to 35 x 20 x 10cm. Pick the colour that suits them and hand it over ready.",in stock,new,55.00 ZAR,https://kadashgifts.co.za/#gift-160,https://kadashgifts.co.za/images/gift-box-keepsake.jpg,Kadash Gifts,Gift Packaging
161,The Branded Picnic Blanket,"Personalised and branded for your days in the sun. A soft, padded fleece picnic blanket with a foam centre for real comfort and a water-resistant backing that keeps grass and sand off the underside. Shake it out, fold it into a compact carry, and the handle with its PU protector does the rest. Generously sized at 170 x 130cm in RPET fleece and cotton canvas.",in stock,new,450.00 ZAR,https://kadashgifts.co.za/#gift-161,https://kadashgifts.co.za/images/picnic_blanket_1.jpg,Kadash Gifts,Corporate & Events > Love & Anniversary > For Her > For Him > Home & Living
162,The Appreciation Set,"A set that says thank you properly. A personalised tote bag, travel mug, notebook, and face cloth, four everyday things they will actually reach for, each one carrying your message of appreciation.",in stock,new,580.00 ZAR,https://kadashgifts.co.za/#gift-162,https://kadashgifts.co.za/images/totebag_set.jpg,Kadash Gifts,Corporate & Events > Gift Boxes & Hampers > For Her > For Him
